<ImportExportXml xmlns:xsi="http://www.w3.org/2001/XMLSchema-instance">
  <Entities></Entities>
  <Roles></Roles>
  <Workflows>
    <Workflow WorkflowId="{856fd137-7ddd-ed11-a7c6-000d3adf9d08}" Name="Feincraft SecureView - UploadImage">
      <JsonFileName>/Workflows/FeincraftSecureView-UploadImage-856FD137-7DDD-ED11-A7C6-000D3ADF9D08.json</JsonFileName>
      <Type>1</Type>
      <Subprocess>0</Subprocess>
      <Category>5</Category>
      <Mode>0</Mode>
      <Scope>4</Scope>
      <OnDemand>0</OnDemand>
      <TriggerOnCreate>0</TriggerOnCreate>
      <TriggerOnDelete>0</TriggerOnDelete>
      <AsyncAutodelete>0</AsyncAutodelete>
      <SyncWorkflowLogOnFailure>0</SyncWorkflowLogOnFailure>
      <StateCode>1</StateCode>
      <StatusCode>2</StatusCode>
      <RunAs>1</RunAs>
      <IsTransacted>1</IsTransacted>
      <IntroducedVersion>1.0</IntroducedVersion>
      <IsCustomizable>1</IsCustomizable>
      <BusinessProcessType>0</BusinessProcessType>
      <IsCustomProcessingStepAllowedForOtherPublishers>1</IsCustomProcessingStepAllowedForOtherPublishers>
      <PrimaryEntity>none</PrimaryEntity>
      <LocalizedNames>
        <LocalizedName languagecode="1033" description="Feincraft SecureView - UploadImage" />
      </LocalizedNames>
    </Workflow>
  </Workflows>
  <FieldSecurityProfiles></FieldSecurityProfiles>
  <Templates />
  <EntityMaps />
  <EntityRelationships />
  <OrganizationSettings />
  <optionsets />
  <CustomControls />
  <EntityDataProviders />
  <CanvasApps>
    <CanvasApp>
      <Name>cr59f_secureview_b77d3</Name>
      <AppVersion>2023-04-19T01:46:43Z</AppVersion>
      <Status>Ready</Status>
      <CreatedByClientVersion>3.23041.11.0</CreatedByClientVersion>
      <MinClientVersion>3.23041.11.0</MinClientVersion>
      <Tags>{"primaryDeviceWidth":"640","primaryDeviceHeight":"1136","supportsPortrait":"true","supportsLandscape":"true","primaryFormFactor":"Phone","publisherVersion":"3.23041.11","minimumRequiredApiVersion":"2.2.0","hasComponent":"false","hasUnlockedComponent":"false","isUnifiedRootApp":"false","sienaVersion":"20221207T154531Z-3.22111.28.0"}</Tags>
      <IsCdsUpgraded>0</IsCdsUpgraded>
      <GalleryItemId xsi:nil="true"></GalleryItemId>
      <BackgroundColor>RGBA(0,176,240,1)</BackgroundColor>
      <DisplayName>SecureView</DisplayName>
      <Description xsi:nil="true"></Description>
      <CommitMessage xsi:nil="true"></CommitMessage>
      <Publisher xsi:nil="true"></Publisher>
      <AuthorizationReferences>[]</AuthorizationReferences>
      <ConnectionReferences>{"91087392-4fd4-477a-b07b-1a9c156cfcef":{"id":"/providers/microsoft.powerapps/apis/shared_faceapi","xrmConnectionReferenceLogicalName":"cr59f_sharedfaceapi_cab18","displayName":"Face API","executionRestrictions":{"version":1,"modifiedOn":"2023-04-19 01:46:42","appVer":"3.23041.11","apiId":"unknown","policy":"{\"type\":\"invalid\"}"},"iconUri":"https://connectoricons-prod.azureedge.net/releases/v1.0.1624/1.0.1624.3221/faceapi/icon.png","dataSources":["FaceAPI"],"dependencies":[],"dependents":[],"parameterHints":{},"parameterHintsV2":{},"isOnPremiseConnection":false,"sharedConnectionId":"ff14fdbc-0d0e-4d91-b6e5-f75a5f210d60","bypassConsent":false,"dataSets":{},"apiTier":"Standard","authenticationType":"keyBasedAuth"},"87021a48-03da-47db-9859-fe5211378c99":{"id":"/providers/microsoft.powerapps/apis/shared_logicflows","displayName":"Logic flows","iconUri":"https://connectoricons-prod.azureedge.net/releases/v1.0.1615/1.0.1615.3163/logicflows/icon.png","dataSources":["FeincraftSecureView-UploadImage"],"dependencies":["b694eeb5-d3be-4a27-8132-ebace1c0f0c0","2267e47d-2dff-4b52-8f0e-88217fd8d0a8","7faa4a0b-a45d-472a-931c-d33d0f970bca"],"dependents":[],"parameterHints":{"workflowName":{"value":"18035f48-1afc-40b7-838e-16ce52fff2ab"},"workflowEntityId":{"value":"856fd137-7ddd-ed11-a7c6-000d3adf9d08"},"b694eeb5-d3be-4a27-8132-ebace1c0f0c0":{"value":"shared_azureblob_1"},"2267e47d-2dff-4b52-8f0e-88217fd8d0a8":{"value":"shared_azureblob_2"},"7faa4a0b-a45d-472a-931c-d33d0f970bca":{"value":"shared_faceapi_1"}},"parameterHintsV2":{"workflowName":{"value":"18035f48-1afc-40b7-838e-16ce52fff2ab"},"workflowEntityId":{"value":"856fd137-7ddd-ed11-a7c6-000d3adf9d08"},"shared_azureblob_1":{"value":"b694eeb5-d3be-4a27-8132-ebace1c0f0c0"},"shared_azureblob_2":{"value":"2267e47d-2dff-4b52-8f0e-88217fd8d0a8"},"shared_faceapi_1":{"value":"7faa4a0b-a45d-472a-931c-d33d0f970bca"}},"isOnPremiseConnection":false,"bypassConsent":false,"dataSets":{},"apiTier":"Standard","actions":["Run"]},"b694eeb5-d3be-4a27-8132-ebace1c0f0c0":{"id":"/providers/microsoft.powerapps/apis/shared_azureblob","xrmConnectionReferenceLogicalName":"new_sharedazureblob_37748","displayName":"Azure Blob Storage","executionRestrictions":{"version":1,"modifiedOn":"2023-04-19 01:46:42","appVer":"3.23041.11","apiId":"unknown","policy":"{\"type\":\"invalid\"}"},"iconUri":"https://connectoricons-prod.azureedge.net/releases/v1.0.1627/1.0.1627.3238/azureblob/icon.png","dataSources":[],"dependencies":[],"dependents":["87021a48-03da-47db-9859-fe5211378c99"],"parameterHints":{},"parameterHintsV2":{},"isOnPremiseConnection":false,"sharedConnectionId":"21dc0409-7f3c-4e7d-af9e-12216f699082","bypassConsent":false,"dataSets":{},"apiTier":"Premium","endpoints":["feincraft"],"authenticationType":"keyBasedAuth"},"2267e47d-2dff-4b52-8f0e-88217fd8d0a8":{"id":"/providers/microsoft.powerapps/apis/shared_azureblob","xrmConnectionReferenceLogicalName":"new_sharedazureblob_1e775","displayName":"Azure Blob Storage","executionRestrictions":{"version":1,"modifiedOn":"2023-04-19 01:46:42","appVer":"3.23041.11","apiId":"unknown","policy":"{\"type\":\"invalid\"}"},"iconUri":"https://connectoricons-prod.azureedge.net/releases/v1.0.1627/1.0.1627.3238/azureblob/icon.png","dataSources":[],"dependencies":[],"dependents":["87021a48-03da-47db-9859-fe5211378c99"],"parameterHints":{},"parameterHintsV2":{},"isOnPremiseConnection":false,"sharedConnectionId":"2c32f3e7-f5b8-4459-84cf-7ecc1644cfbb","bypassConsent":false,"dataSets":{},"apiTier":"Premium","endpoints":["feincraft"],"authenticationType":"keyBasedAuth"},"7faa4a0b-a45d-472a-931c-d33d0f970bca":{"id":"/providers/microsoft.powerapps/apis/shared_faceapi","xrmConnectionReferenceLogicalName":"new_sharedfaceapi_f96c7","displayName":"Face API","executionRestrictions":{"version":1,"modifiedOn":"2023-04-19 01:46:42","appVer":"3.23041.11","apiId":"unknown","policy":"{\"type\":\"invalid\"}"},"iconUri":"https://connectoricons-prod.azureedge.net/releases/v1.0.1624/1.0.1624.3221/faceapi/icon.png","dataSources":[],"dependencies":[],"dependents":["87021a48-03da-47db-9859-fe5211378c99"],"parameterHints":{},"parameterHintsV2":{},"isOnPremiseConnection":false,"sharedConnectionId":"c7c5c56d-cfa5-4020-aaad-0e641ff09c8d","bypassConsent":false,"dataSets":{},"apiTier":"Standard","authenticationType":"keyBasedAuth"}}</ConnectionReferences>
      <DatabaseReferences>{"default.cds":{"databaseDetails":{"referenceType":"Environmental","environmentName":"default.cds","overrideValues":{"status":"NotSpecified"}},"dataSources":{"Accounts":{"entitySetName":"accounts","logicalName":"account"},"Contacts":{"entitySetName":"contacts","logicalName":"contact"}}}}</DatabaseReferences>
      <AppComponents>[]</AppComponents>
      <AppComponentDependencies>[]</AppComponentDependencies>
      <CanConsumeAppPass>1</CanConsumeAppPass>
      <CanvasAppType>0</CanvasAppType>
      <BypassConsent>0</BypassConsent>
      <AdminControlBypassConsent>0</AdminControlBypassConsent>
      <EmbeddedApp xsi:nil="true"></EmbeddedApp>
      <IntroducedVersion>1.0</IntroducedVersion>
      <CdsDependencies>{"cdsdependencies":[{"logicalname":"account","componenttype":1},{"logicalname":"contact","componenttype":1},{"logicalname":"cr59f_sharedfaceapi_cab18","componenttype":10054,"componenttypeplatformname":"ConnectionReference"},{"logicalname":"new_sharedazureblob_37748","componenttype":10054,"componenttypeplatformname":"ConnectionReference"},{"logicalname":"new_sharedazureblob_1e775","componenttype":10054,"componenttypeplatformname":"ConnectionReference"},{"logicalname":"new_sharedfaceapi_f96c7","componenttype":10054,"componenttypeplatformname":"ConnectionReference"}]}</CdsDependencies>
      <IsCustomizable>1</IsCustomizable>
      <BackgroundImageUri>/CanvasApps/cr59f_secureview_b77d3_BackgroundImageUri</BackgroundImageUri>
      <DocumentUri>/CanvasApps/cr59f_secureview_b77d3_DocumentUri.msapp</DocumentUri>
    </CanvasApp>
  </CanvasApps>
  <Languages>
    <Language>1033</Language>
  </Languages>
</ImportExportXml>