<ImportExportXml version="9.2.23033.204" SolutionPackageVersion="9.2" languagecode="1033" generatedBy="CrmLive" xmlns:xsi="http://www.w3.org/2001/XMLSchema-instance">
  <SolutionManifest>
    <UniqueName>FeincraftSecureView</UniqueName>
    <LocalizedNames>
      <LocalizedName description="Feincraft SecureView" languagecode="1033" />
    </LocalizedNames>
    <Descriptions />
    <Version>1.0.0.1</Version>
    <Managed>0</Managed>
    <Publisher>
      <UniqueName>Feincraft</UniqueName>
      <LocalizedNames>
        <LocalizedName description="Feincraft" languagecode="1033" />
      </LocalizedNames>
      <Descriptions />
      <EMailAddress xsi:nil="true"></EMailAddress>
      <SupportingWebsiteUrl>https://linktr.ee/feincraft</SupportingWebsiteUrl>
      <CustomizationPrefix>fein</CustomizationPrefix>
      <CustomizationOptionValuePrefix>94020</CustomizationOptionValuePrefix>
      <Addresses>
        <Address>
          <AddressNumber>1</AddressNumber>
          <AddressTypeCode>1</AddressTypeCode>
          <City xsi:nil="true"></City>
          <County xsi:nil="true"></County>
          <Country xsi:nil="true"></Country>
          <Fax xsi:nil="true"></Fax>
          <FreightTermsCode xsi:nil="true"></FreightTermsCode>
          <ImportSequenceNumber xsi:nil="true"></ImportSequenceNumber>
          <Latitude xsi:nil="true"></Latitude>
          <Line1 xsi:nil="true"></Line1>
          <Line2 xsi:nil="true"></Line2>
          <Line3 xsi:nil="true"></Line3>
          <Longitude xsi:nil="true"></Longitude>
          <Name xsi:nil="true"></Name>
          <PostalCode xsi:nil="true"></PostalCode>
          <PostOfficeBox xsi:nil="true"></PostOfficeBox>
          <PrimaryContactName xsi:nil="true"></PrimaryContactName>
          <ShippingMethodCode>1</ShippingMethodCode>
          <StateOrProvince xsi:nil="true"></StateOrProvince>
          <Telephone1 xsi:nil="true"></Telephone1>
          <Telephone2 xsi:nil="true"></Telephone2>
          <Telephone3 xsi:nil="true"></Telephone3>
          <TimeZoneRuleVersionNumber xsi:nil="true"></TimeZoneRuleVersionNumber>
          <UPSZone xsi:nil="true"></UPSZone>
          <UTCOffset xsi:nil="true"></UTCOffset>
          <UTCConversionTimeZoneCode xsi:nil="true"></UTCConversionTimeZoneCode>
        </Address>
        <Address>
          <AddressNumber>2</AddressNumber>
          <AddressTypeCode>1</AddressTypeCode>
          <City xsi:nil="true"></City>
          <County xsi:nil="true"></County>
          <Country xsi:nil="true"></Country>
          <Fax xsi:nil="true"></Fax>
          <FreightTermsCode xsi:nil="true"></FreightTermsCode>
          <ImportSequenceNumber xsi:nil="true"></ImportSequenceNumber>
          <Latitude xsi:nil="true"></Latitude>
          <Line1 xsi:nil="true"></Line1>
          <Line2 xsi:nil="true"></Line2>
          <Line3 xsi:nil="true"></Line3>
          <Longitude xsi:nil="true"></Longitude>
          <Name xsi:nil="true"></Name>
          <PostalCode xsi:nil="true"></PostalCode>
          <PostOfficeBox xsi:nil="true"></PostOfficeBox>
          <PrimaryContactName xsi:nil="true"></PrimaryContactName>
          <ShippingMethodCode>1</ShippingMethodCode>
          <StateOrProvince xsi:nil="true"></StateOrProvince>
          <Telephone1 xsi:nil="true"></Telephone1>
          <Telephone2 xsi:nil="true"></Telephone2>
          <Telephone3 xsi:nil="true"></Telephone3>
          <TimeZoneRuleVersionNumber xsi:nil="true"></TimeZoneRuleVersionNumber>
          <UPSZone xsi:nil="true"></UPSZone>
          <UTCOffset xsi:nil="true"></UTCOffset>
          <UTCConversionTimeZoneCode xsi:nil="true"></UTCConversionTimeZoneCode>
        </Address>
      </Addresses>
    </Publisher>
    <RootComponents>
      <RootComponent type="29" id="{856fd137-7ddd-ed11-a7c6-000d3adf9d08}" behavior="0" />
      <RootComponent type="300" schemaName="cr59f_secureview_b77d3" behavior="0" />
    </RootComponents>
    <MissingDependencies>
      <MissingDependency>
        <Required type="connectionreference" displayName="cr59f_sharedfaceapi_cab18" solution="Active" id.connectionreferencelogicalname="cr59f_sharedfaceapi_cab18" />
        <Dependent type="300" schemaName="cr59f_secureview_b77d3" displayName="SecureView" />
      </MissingDependency>
      <MissingDependency>
        <Required type="connectionreference" displayName="new_sharedazureblob_1e775" solution="Active" id.connectionreferencelogicalname="new_sharedazureblob_1e775" />
        <Dependent type="29" displayName="Feincraft SecureView - UploadImage" id="{856fd137-7ddd-ed11-a7c6-000d3adf9d08}" />
      </MissingDependency>
      <MissingDependency>
        <Required type="connectionreference" displayName="new_sharedazureblob_1e775" solution="Active" id.connectionreferencelogicalname="new_sharedazureblob_1e775" />
        <Dependent type="300" schemaName="cr59f_secureview_b77d3" displayName="SecureView" />
      </MissingDependency>
      <MissingDependency>
        <Required type="connectionreference" displayName="new_sharedazureblob_37748" solution="Active" id.connectionreferencelogicalname="new_sharedazureblob_37748" />
        <Dependent type="29" displayName="Feincraft SecureView - UploadImage" id="{856fd137-7ddd-ed11-a7c6-000d3adf9d08}" />
      </MissingDependency>
      <MissingDependency>
        <Required type="connectionreference" displayName="new_sharedazureblob_37748" solution="Active" id.connectionreferencelogicalname="new_sharedazureblob_37748" />
        <Dependent type="300" schemaName="cr59f_secureview_b77d3" displayName="SecureView" />
      </MissingDependency>
      <MissingDependency>
        <Required type="connectionreference" displayName="new_sharedfaceapi_f96c7" solution="Active" id.connectionreferencelogicalname="new_sharedfaceapi_f96c7" />
        <Dependent type="29" displayName="Feincraft SecureView - UploadImage" id="{856fd137-7ddd-ed11-a7c6-000d3adf9d08}" />
      </MissingDependency>
      <MissingDependency>
        <Required type="connectionreference" displayName="new_sharedfaceapi_f96c7" solution="Active" id.connectionreferencelogicalname="new_sharedfaceapi_f96c7" />
        <Dependent type="300" schemaName="cr59f_secureview_b77d3" displayName="SecureView" />
      </MissingDependency>
    </MissingDependencies>
  </SolutionManifest>
</ImportExportXml>