{
  "properties": {
    "connectionReferences": {
      "shared_azureblob_1": {
        "runtimeSource": "invoker",
        "connection": {
          "connectionReferenceLogicalName": "new_sharedazureblob_37748"
        },
        "api": {
          "name": "shared_azureblob"
        }
      },
      "shared_azureblob_2": {
        "runtimeSource": "invoker",
        "connection": {
          "connectionReferenceLogicalName": "new_sharedazureblob_1e775"
        },
        "api": {
          "name": "shared_azureblob"
        }
      },
      "shared_faceapi_1": {
        "runtimeSource": "invoker",
        "connection": {
          "connectionReferenceLogicalName": "new_sharedfaceapi_f96c7"
        },
        "api": {
          "name": "shared_faceapi"
        }
      }
    },
    "definition": {
      "$schema": "https://schema.management.azure.com/providers/Microsoft.Logic/schemas/2016-06-01/workflowdefinition.json#",
      "contentVersion": "1.0.0.0",
      "parameters": {
        "$connections": {
          "defaultValue": {},
          "type": "Object"
        },
        "$authentication": {
          "defaultValue": {},
          "type": "SecureObject"
        }
      },
      "triggers": {
        "manual": {
          "metadata": {
            "operationMetadataId": "0b6361f0-d5b4-4b10-821b-6d7960b8bb82"
          },
          "type": "Request",
          "kind": "PowerAppV2",
          "inputs": {
            "schema": {
              "type": "object",
              "properties": {
                "text": {
                  "title": "ImageContent",
                  "type": "string",
                  "x-ms-dynamically-added": true,
                  "description": "Please enter your input",
                  "x-ms-content-hint": "TEXT"
                }
              },
              "required": [
                "text"
              ]
            }
          }
        }
      },
      "actions": {
        "Real_response_is_FaceAPI_worked": {
          "runAfter": {
            "Fake_result": [
              "Succeeded"
            ]
          },
          "metadata": {
            "operationMetadataId": "2728addc-3ca6-48a7-8e71-c0cade41deb1"
          },
          "type": "Response",
          "kind": "PowerApp",
          "inputs": {
            "statusCode": 200,
            "body": {
              "fileurl": "https://feincraft.blob.core.windows.net/faces/@{outputs('Compose')}",
              "authorized": "@{if(greater(body('FaceDetector')[0]?['faceAttributes/facialHair/beard'], 0), '1', '0')}"
            },
            "schema": {
              "type": "object",
              "properties": {
                "fileurl": {
                  "title": "FileUrl",
                  "x-ms-dynamically-added": true,
                  "type": "string"
                },
                "authorized": {
                  "title": "Authorized",
                  "x-ms-dynamically-added": true,
                  "type": "string"
                }
              }
            }
          }
        },
        "Create_blob_(V2)": {
          "runAfter": {
            "Compose": [
              "Succeeded"
            ]
          },
          "metadata": {
            "operationMetadataId": "7102ffde-6274-4d0f-834a-564672fcc7d0"
          },
          "type": "OpenApiConnection",
          "inputs": {
            "host": {
              "connectionName": "shared_azureblob_1",
              "operationId": "CreateFile_V2",
              "apiId": "/providers/Microsoft.PowerApps/apis/shared_azureblob"
            },
            "parameters": {
              "dataset": "AccountNameFromSettings",
              "folderPath": "/faces",
              "name": "@outputs('Compose')",
              "body": "@dataUriToBinary(triggerBody()['text'])"
            },
            "authentication": "@parameters('$authentication')"
          },
          "runtimeConfiguration": {
            "contentTransfer": {
              "transferMode": "Chunked"
            }
          }
        },
        "Compose": {
          "runAfter": {
            "Apply_to_each": [
              "Succeeded"
            ]
          },
          "metadata": {
            "operationMetadataId": "3608d7fb-ab15-4d6c-a875-16bebedb5572"
          },
          "type": "Compose",
          "inputs": "@concat(guid(), '.jpg')"
        },
        "Lists_blobs_(V2)": {
          "runAfter": {},
          "metadata": {
            "JTJmZmFjZXM=": "/faces",
            "operationMetadataId": "17158b80-c7ee-4998-bcbd-94c6cf5cc6f4"
          },
          "type": "OpenApiConnection",
          "inputs": {
            "host": {
              "connectionName": "shared_azureblob_1",
              "operationId": "ListFolder_V4",
              "apiId": "/providers/Microsoft.PowerApps/apis/shared_azureblob"
            },
            "parameters": {
              "dataset": "AccountNameFromSettings",
              "id": "JTJmZmFjZXM=",
              "nextPageMarker": "",
              "useFlatListing": false
            },
            "authentication": "@parameters('$authentication')"
          }
        },
        "Apply_to_each": {
          "foreach": "@outputs('Lists_blobs_(V2)')?['body/value']",
          "actions": {
            "Delete_blob_(V2)": {
              "runAfter": {},
              "metadata": {
                "operationMetadataId": "22defff8-002b-45cc-8b66-bdd0602f506d"
              },
              "type": "OpenApiConnection",
              "inputs": {
                "host": {
                  "connectionName": "shared_azureblob_2",
                  "operationId": "DeleteFile_V2",
                  "apiId": "/providers/Microsoft.PowerApps/apis/shared_azureblob"
                },
                "parameters": {
                  "dataset": "feincraft",
                  "id": "/faces/@{items('Apply_to_each')?['Name']}"
                },
                "authentication": "@parameters('$authentication')"
              }
            }
          },
          "runAfter": {
            "Lists_blobs_(V2)": [
              "Succeeded"
            ]
          },
          "metadata": {
            "operationMetadataId": "93428641-ea35-406b-b934-5d5df7af0afc"
          },
          "type": "Foreach"
        },
        "FaceDetector": {
          "runAfter": {
            "Create_blob_(V2)": [
              "Succeeded"
            ]
          },
          "limit": {
            "timeout": "PT5S"
          },
          "metadata": {
            "operationMetadataId": "3e79cae1-df46-4d10-ba0f-f5ccb1aa072d"
          },
          "type": "OpenApiConnection",
          "inputs": {
            "host": {
              "connectionName": "shared_faceapi_1",
              "operationId": "Detect",
              "apiId": "/providers/Microsoft.PowerApps/apis/shared_faceapi"
            },
            "parameters": {
              "body/url": "https://feincraft.blob.core.windows.net/faces/@{outputs('Compose')}"
            },
            "authentication": "@parameters('$authentication')",
            "retryPolicy": {
              "type": "none"
            }
          }
        },
        "Fake_result": {
          "actions": {
            "Fake_response_if_FaceAPI_failed_": {
              "runAfter": {},
              "metadata": {
                "operationMetadataId": "17a053ca-1869-4a3a-a980-584895c5a4a4"
              },
              "type": "Response",
              "kind": "PowerApp",
              "inputs": {
                "statusCode": 200,
                "body": {
                  "fileurl": "https://feincraft.blob.core.windows.net/faces/@{outputs('Compose')}",
                  "authorized": "0"
                },
                "schema": {
                  "type": "object",
                  "properties": {
                    "fileurl": {
                      "title": "FileUrl",
                      "x-ms-dynamically-added": true,
                      "type": "string"
                    },
                    "authorized": {
                      "title": "Authorized",
                      "x-ms-dynamically-added": true,
                      "type": "string"
                    }
                  }
                }
              }
            },
            "Terminate": {
              "runAfter": {
                "Fake_response_if_FaceAPI_failed_": [
                  "Succeeded"
                ]
              },
              "metadata": {
                "operationMetadataId": "37a209d3-3979-4288-8161-7ca6eca46b00"
              },
              "type": "Terminate",
              "inputs": {
                "runStatus": "Succeeded"
              }
            }
          },
          "runAfter": {
            "FaceDetector": [
              "Failed",
              "TimedOut",
              "Skipped"
            ]
          },
          "metadata": {
            "operationMetadataId": "9e844c51-94f2-4482-841d-81d596acef40"
          },
          "type": "Scope"
        }
      }
    },
    "templateName": ""
  },
  "schemaVersion": "1.0.0.0"
}